Country,CountryStandardised
Afghanistan,Afghanistan
Albania,Albania
Algeria,Algeria
Andorra,Andorra
Angola,Angola
Anguilla,Anguilla
Antarctic fisheries,Antarctic Fisheries
Antigua & barbuda,Antigua and Barbuda
Argentina,Argentina
Armenia,Armenia
Aruba,Aruba
Australia,Australia
Austria,Austria
Azerbaijan,Azerbaijan
Bahamas,Bahamas
Bahrain,Bahrain
Bangladesh,Bangladesh
Barbados,Barbados
Belarus,Belarus
Belgium,Belgium
Belize,Belize
Benin,Benin
Bermuda,Bermuda
Bhutan,Bhutan
Plurinational state of bolivia,Bolivia
"Bonaire, saint eustatius, and saba",Bonaire Sint Eustatius and Saba
Bosnia & herzegovina,Bosnia and Herzegovina
Botswana,Botswana
Brazil,Brazil
British virgin islands,British Virgin Islands
Brunei (darussalam),Brunei
Bulgaria,Bulgaria
Burkina faso,Burkina Faso
Burundi,Burundi
Cambodia,Cambodia
Republic of cameroon,Cameroon
Canada,Canada
Cape verde,Cape Verde
Cayman islands,Cayman Islands
Central african republic,Central African Republic
Chad,Chad
Chile,Chile
China (mainland),China
Christmas island,Christmas Island
Colombia,Colombia
Comoros,Comoros
Congo,Congo
Cook islands,Cook Islands
Costa rica,Costa Rica
Cote d ivoire,Cote d'Ivoire
Croatia,Croatia
Cuba,Cuba
Curacao,Curacao
Cyprus,Cyprus
Czech republic,Czech Republic
Czechoslovakia,Czechoslovakia
Democratic republic of the congo (formerly zaire),Democratic Republic of Congo
Denmark,Denmark
Djibouti,Djibouti
Dominica,Dominica
Dominican republic,Dominican Republic
Ecuador,Ecuador
Egypt,Egypt
El salvador,El Salvador
Equatorial guinea,Equatorial Guinea
Eritrea,Eritrea
Estonia,Estonia
Ethiopia,Ethiopia
Faeroe islands,Faeroe Islands
Falkland islands (malvinas),Falkland Islands
Fiji,Fiji
Finland,Finland
France (including monaco),France
French equatorial africa,French Equatorial Africa
French guiana,French Guiana
French polynesia,French Polynesia
Gabon,Gabon
Gambia,Gambia
Georgia,Georgia
Federal republic of germany,Germany
Germany,Germany
Ghana,Ghana
Gibraltar,Gibraltar
Greece,Greece
Greenland,Greenland
Grenada,Grenada
Guadeloupe,Guadeloupe
Guatemala,Guatemala
Guinea,Guinea
Guinea bissau,Guinea-Bissau
Guyana,Guyana
Haiti,Haiti
Honduras,Honduras
Hong kong special adminstrative region of china,Hong Kong
Hungary,Hungary
Iceland,Iceland
India,India
Indonesia,Indonesia
Islamic republic of iran,Iran
Iraq,Iraq
Ireland,Ireland
Israel,Israel
Italy (including san marino),Italy
Jamaica,Jamaica
Japan,Japan
Jordan,Jordan
Kazakhstan,Kazakhstan
Kenya,Kenya
Kiribati,Kiribati
Kuwait,Kuwait
Kuwaiti oil fires,Kuwaiti Oil Fires
Kyrgyzstan,Kyrgyzstan
Lao people s democratic republic,Laos
Latvia,Latvia
Lebanon,Lebanon
Lesotho,Lesotho
Liberia,Liberia
Libyan arab jamahiriyah,Libya
Liechtenstein,Liechtenstein
Lithuania,Lithuania
Luxembourg,Luxembourg
Macau special adminstrative region of china,Macau
Macedonia,Macedonia
Madagascar,Madagascar
Malawi,Malawi
Malaysia,Malaysia
Peninsular malaysia,Malaysia
Maldives,Maldives
Mali,Mali
Malta,Malta
Marshall islands,Marshall Islands
Martinique,Martinique
Mauritania,Mauritania
Mauritius,Mauritius
Mexico,Mexico
Federated states of micronesia,Micronesia
Republic of moldova,Moldova
Mongolia,Mongolia
Montenegro,Montenegro
Montserrat,Montserrat
Morocco,Morocco
Mozambique,Mozambique
Myanmar (formerly burma),Myanmar
Namibia,Namibia
Nauru,Nauru
Nepal,Nepal
Netherland antilles,Netherlands Antilles
Netherlands,Netherlands
New caledonia,New Caledonia
New zealand,New Zealand
Nicaragua,Nicaragua
Niger,Niger
Nigeria,Nigeria
Niue,Niue
Democratic people s republic of korea,North Korea
Norway,Norway
Oman,Oman
East & west pakistan,Pakistan
Pakistan,Pakistan
Pacific islands (palau),Palau
Palau,Palau
Occupied palestinian territory,Palestine
Panama,Panama
Papua new guinea,Papua New Guinea
Paraguay,Paraguay
Peru,Peru
Philippines,Philippines
Poland,Poland
Portugal,Portugal
Puerto rico,Puerto Rico
Qatar,Qatar
Reunion,Reunion
Romania,Romania
Russian federation,Russia
Rwanda,Rwanda
Saint helena,Saint Helena
St. kitts-nevis,Saint Kitts and Nevis
Saint lucia,Saint Lucia
St. pierre & miquelon,Saint Pierre and Miquelon
St. vincent & the grenadines,Saint Vincent and the Grenadines
Samoa,Samoa
Sao tome & principe,Sao Tome and Principe
Saudi arabia,Saudi Arabia
Senegal,Senegal
Serbia,Serbia
Seychelles,Seychelles
Sierra leone,Sierra Leone
Singapore,Singapore
Saint martin (dutch portion),Sint Maarten (Dutch part)
Slovakia,Slovakia
Slovenia,Slovenia
Solomon islands,Solomon Islands
Somalia,Somalia
South africa,South Africa
Republic of korea,South Korea
Republic of south sudan,South Sudan
Spain,Spain
Sri lanka,Sri Lanka
Republic of sudan,Sudan
Sudan,Sudan
Suriname,Suriname
Swaziland,Swaziland
Sweden,Sweden
Switzerland,Switzerland
Syrian arab republic,Syria
Taiwan,Taiwan
Tajikistan,Tajikistan
United republic of tanzania,Tanzania
Thailand,Thailand
Timor-leste (formerly east timor),Timor
Togo,Togo
Tonga,Tonga
Trinidad and tobago,Trinidad and Tobago
Tunisia,Tunisia
Turkey,Turkey
Turkmenistan,Turkmenistan
Turks and caicos islands,Turks and Caicos Islands
Tuvalu,Tuvalu
Uganda,Uganda
Ukraine,Ukraine
United arab emirates,United Arab Emirates
United kingdom,United Kingdom
United korea,United Korea
United states of america,United States
Uruguay,Uruguay
Ussr,USSR
Uzbekistan,Uzbekistan
Vanuatu,Vanuatu
Venezuela,Venezuela
Democratic republic of vietnam,Vietnam
Viet nam,Vietnam
Wallis and futuna islands,Wallis and Futuna Islands
Former democratic yemen,Yemen
Former yemen,Yemen
Yemen,Yemen
Yugoslavia (former socialist federal republic),Yugoslavia
Zambia,Zambia
Zanzibar,Zanzibar
Zimbabwe,Zimbabwe
Federation of malaya-singapore,
Former german democratic republic,Germany
Former panama canal zone,
French indo-china,Vietnam
French west africa,
Japan (excluding the ruyuku islands),Japan
Leeward islands,
Netherland antilles and aruba,
Republic of south vietnam,Vietnam
Rhodesia-nyasaland,
Rwanda-urundi,Rwanda
Ryukyu islands,
Sabah,Malaysia
Sarawak,Malaysia
St. kitts-nevis-anguilla,
Tanganyika,
Yugoslavia (montenegro & serbia),
Bunkers,International transport